"","agevar","DATE","ESTADO_MUERTE","sub.statevar","COVID","DEATH","all.visits"
"1",1,2017-01-01,"CDMX","CDMX",0,218,218
"2",1,2017-01-02,"CDMX","CDMX",0,242,242
"3",1,2017-01-03,"CDMX","CDMX",0,199,199
"4",1,2017-01-04,"CDMX","CDMX",0,237,237
"5",1,2017-01-05,"CDMX","CDMX",0,233,233
"6",1,2017-01-06,"CDMX","CDMX",0,229,229
"7",1,2017-01-07,"CDMX","CDMX",0,205,205
"8",1,2017-01-08,"CDMX","CDMX",0,207,207
"9",1,2017-01-09,"CDMX","CDMX",0,230,230
"10",1,2017-01-10,"CDMX","CDMX",0,239,239
"11",1,2017-01-11,"CDMX","CDMX",0,236,236
"12",1,2017-01-12,"CDMX","CDMX",0,216,216
"13",1,2017-01-13,"CDMX","CDMX",0,229,229
"14",1,2017-01-14,"CDMX","CDMX",0,211,211
"15",1,2017-01-15,"CDMX","CDMX",0,212,212
"16",1,2017-01-16,"CDMX","CDMX",0,231,231
"17",1,2017-01-17,"CDMX","CDMX",0,220,220
"18",1,2017-01-18,"CDMX","CDMX",0,213,213
"19",1,2017-01-19,"CDMX","CDMX",0,221,221
"20",1,2017-01-20,"CDMX","CDMX",0,198,198
"21",1,2017-01-21,"CDMX","CDMX",0,198,198
"22",1,2017-01-22,"CDMX","CDMX",0,186,186
"23",1,2017-01-23,"CDMX","CDMX",0,213,213
"24",1,2017-01-24,"CDMX","CDMX",0,209,209
"25",1,2017-01-25,"CDMX","CDMX",0,206,206
"26",1,2017-01-26,"CDMX","CDMX",0,221,221
"27",1,2017-01-27,"CDMX","CDMX",0,239,239
"28",1,2017-01-28,"CDMX","CDMX",0,227,227
"29",1,2017-01-29,"CDMX","CDMX",0,226,226
"30",1,2017-01-30,"CDMX","CDMX",0,221,221
"31",1,2017-01-31,"CDMX","CDMX",0,228,228
"32",1,2017-02-01,"CDMX","CDMX",0,238,238
"33",1,2017-02-02,"CDMX","CDMX",0,233,233
"34",1,2017-02-03,"CDMX","CDMX",0,239,239
"35",1,2017-02-04,"CDMX","CDMX",0,226,226
"36",1,2017-02-05,"CDMX","CDMX",0,208,208
"37",1,2017-02-06,"CDMX","CDMX",0,191,191
"38",1,2017-02-07,"CDMX","CDMX",0,260,260
"39",1,2017-02-08,"CDMX","CDMX",0,238,238
"40",1,2017-02-09,"CDMX","CDMX",0,207,207
"41",1,2017-02-10,"CDMX","CDMX",0,203,203
"42",1,2017-02-11,"CDMX","CDMX",0,210,210
"43",1,2017-02-12,"CDMX","CDMX",0,218,218
"44",1,2017-02-13,"CDMX","CDMX",0,251,251
"45",1,2017-02-14,"CDMX","CDMX",0,234,234
"46",1,2017-02-15,"CDMX","CDMX",0,233,233
"47",1,2017-02-16,"CDMX","CDMX",0,234,234
"48",1,2017-02-17,"CDMX","CDMX",0,236,236
"49",1,2017-02-18,"CDMX","CDMX",0,236,236
"50",1,2017-02-19,"CDMX","CDMX",0,216,216
"51",1,2017-02-20,"CDMX","CDMX",0,263,263
"52",1,2017-02-21,"CDMX","CDMX",0,223,223
"53",1,2017-02-22,"CDMX","CDMX",0,225,225
"54",1,2017-02-23,"CDMX","CDMX",0,238,238
"55",1,2017-02-24,"CDMX","CDMX",0,219,219
"56",1,2017-02-25,"CDMX","CDMX",0,253,253
"57",1,2017-02-26,"CDMX","CDMX",0,279,279
"58",1,2017-02-27,"CDMX","CDMX",0,228,228
"59",1,2017-02-28,"CDMX","CDMX",0,229,229
"60",1,2017-03-01,"CDMX","CDMX",0,232,232
"61",1,2017-03-02,"CDMX","CDMX",0,223,223
"62",1,2017-03-03,"CDMX","CDMX",0,242,242
"63",1,2017-03-04,"CDMX","CDMX",0,225,225
"64",1,2017-03-05,"CDMX","CDMX",0,261,261
"65",1,2017-03-06,"CDMX","CDMX",0,251,251
"66",1,2017-03-07,"CDMX","CDMX",0,210,210
"67",1,2017-03-08,"CDMX","CDMX",0,247,247
"68",1,2017-03-09,"CDMX","CDMX",0,216,216
"69",1,2017-03-10,"CDMX","CDMX",0,211,211
"70",1,2017-03-11,"CDMX","CDMX",0,226,226
"71",1,2017-03-12,"CDMX","CDMX",0,256,256
"72",1,2017-03-13,"CDMX","CDMX",0,226,226
"73",1,2017-03-14,"CDMX","CDMX",0,246,246
"74",1,2017-03-15,"CDMX","CDMX",0,245,245
"75",1,2017-03-16,"CDMX","CDMX",0,253,253
"76",1,2017-03-17,"CDMX","CDMX",0,204,204
"77",1,2017-03-18,"CDMX","CDMX",0,219,219
"78",1,2017-03-19,"CDMX","CDMX",0,208,208
"79",1,2017-03-20,"CDMX","CDMX",0,204,204
"80",1,2017-03-21,"CDMX","CDMX",0,248,248
"81",1,2017-03-22,"CDMX","CDMX",0,236,236
"82",1,2017-03-23,"CDMX","CDMX",0,225,225
"83",1,2017-03-24,"CDMX","CDMX",0,233,233
"84",1,2017-03-25,"CDMX","CDMX",0,218,218
"85",1,2017-03-26,"CDMX","CDMX",0,187,187
"86",1,2017-03-27,"CDMX","CDMX",0,224,224
"87",1,2017-03-28,"CDMX","CDMX",0,227,227
"88",1,2017-03-29,"CDMX","CDMX",0,245,245
"89",1,2017-03-30,"CDMX","CDMX",0,229,229
"90",1,2017-03-31,"CDMX","CDMX",0,217,217
"91",1,2017-04-01,"CDMX","CDMX",0,240,240
"92",1,2017-04-02,"CDMX","CDMX",0,203,203
"93",1,2017-04-03,"CDMX","CDMX",0,242,242
"94",1,2017-04-04,"CDMX","CDMX",0,214,214
"95",1,2017-04-05,"CDMX","CDMX",0,243,243
"96",1,2017-04-06,"CDMX","CDMX",0,241,241
"97",1,2017-04-07,"CDMX","CDMX",0,214,214
"98",1,2017-04-08,"CDMX","CDMX",0,199,199
"99",1,2017-04-09,"CDMX","CDMX",0,186,186
"100",1,2017-04-10,"CDMX","CDMX",0,231,231
"101",1,2017-04-11,"CDMX","CDMX",0,197,197
"102",1,2017-04-12,"CDMX","CDMX",0,194,194
"103",1,2017-04-13,"CDMX","CDMX",0,181,181
"104",1,2017-04-14,"CDMX","CDMX",0,178,178
"105",1,2017-04-15,"CDMX","CDMX",0,206,206
"106",1,2017-04-16,"CDMX","CDMX",0,173,173
"107",1,2017-04-17,"CDMX","CDMX",0,225,225
"108",1,2017-04-18,"CDMX","CDMX",0,191,191
"109",1,2017-04-19,"CDMX","CDMX",0,166,166
"110",1,2017-04-20,"CDMX","CDMX",0,198,198
"111",1,2017-04-21,"CDMX","CDMX",0,211,211
"112",1,2017-04-22,"CDMX","CDMX",0,229,229
"113",1,2017-04-23,"CDMX","CDMX",0,210,210
"114",1,2017-04-24,"CDMX","CDMX",0,205,205
"115",1,2017-04-25,"CDMX","CDMX",0,209,209
"116",1,2017-04-26,"CDMX","CDMX",0,200,200
"117",1,2017-04-27,"CDMX","CDMX",0,181,181
"118",1,2017-04-28,"CDMX","CDMX",0,216,216
"119",1,2017-04-29,"CDMX","CDMX",0,221,221
"120",1,2017-04-30,"CDMX","CDMX",0,203,203
"121",1,2017-05-01,"CDMX","CDMX",0,201,201
"122",1,2017-05-02,"CDMX","CDMX",0,190,190
"123",1,2017-05-03,"CDMX","CDMX",0,191,191
"124",1,2017-05-04,"CDMX","CDMX",0,164,164
"125",1,2017-05-05,"CDMX","CDMX",0,202,202
"126",1,2017-05-06,"CDMX","CDMX",0,203,203
"127",1,2017-05-07,"CDMX","CDMX",0,194,194
"128",1,2017-05-08,"CDMX","CDMX",0,189,189
"129",1,2017-05-09,"CDMX","CDMX",0,225,225
"130",1,2017-05-10,"CDMX","CDMX",0,209,209
"131",1,2017-05-11,"CDMX","CDMX",0,207,207
"132",1,2017-05-12,"CDMX","CDMX",0,205,205
"133",1,2017-05-13,"CDMX","CDMX",0,189,189
"134",1,2017-05-14,"CDMX","CDMX",0,190,190
"135",1,2017-05-15,"CDMX","CDMX",0,201,201
"136",1,2017-05-16,"CDMX","CDMX",0,210,210
"137",1,2017-05-17,"CDMX","CDMX",0,200,200
"138",1,2017-05-18,"CDMX","CDMX",0,231,231
"139",1,2017-05-19,"CDMX","CDMX",0,208,208
"140",1,2017-05-20,"CDMX","CDMX",0,200,200
"141",1,2017-05-21,"CDMX","CDMX",0,185,185
"142",1,2017-05-22,"CDMX","CDMX",0,196,196
"143",1,2017-05-23,"CDMX","CDMX",0,198,198
"144",1,2017-05-24,"CDMX","CDMX",0,199,199
"145",1,2017-05-25,"CDMX","CDMX",0,163,163
"146",1,2017-05-26,"CDMX","CDMX",0,188,188
"147",1,2017-05-27,"CDMX","CDMX",0,197,197
"148",1,2017-05-28,"CDMX","CDMX",0,176,176
"149",1,2017-05-29,"CDMX","CDMX",0,193,193
"150",1,2017-05-30,"CDMX","CDMX",0,187,187
"151",1,2017-05-31,"CDMX","CDMX",0,176,176
"152",1,2017-06-01,"CDMX","CDMX",0,163,163
"153",1,2017-06-02,"CDMX","CDMX",0,200,200
"154",1,2017-06-03,"CDMX","CDMX",0,177,177
"155",1,2017-06-04,"CDMX","CDMX",0,190,190
"156",1,2017-06-05,"CDMX","CDMX",0,200,200
"157",1,2017-06-06,"CDMX","CDMX",0,179,179
"158",1,2017-06-07,"CDMX","CDMX",0,211,211
"159",1,2017-06-08,"CDMX","CDMX",0,213,213
"160",1,2017-06-09,"CDMX","CDMX",0,183,183
"161",1,2017-06-10,"CDMX","CDMX",0,197,197
"162",1,2017-06-11,"CDMX","CDMX",0,202,202
"163",1,2017-06-12,"CDMX","CDMX",0,206,206
"164",1,2017-06-13,"CDMX","CDMX",0,190,190
"165",1,2017-06-14,"CDMX","CDMX",0,177,177
"166",1,2017-06-15,"CDMX","CDMX",0,186,186
"167",1,2017-06-16,"CDMX","CDMX",0,155,155
"168",1,2017-06-17,"CDMX","CDMX",0,189,189
"169",1,2017-06-18,"CDMX","CDMX",0,212,212
"170",1,2017-06-19,"CDMX","CDMX",0,210,210
"171",1,2017-06-20,"CDMX","CDMX",0,169,169
"172",1,2017-06-21,"CDMX","CDMX",0,193,193
"173",1,2017-06-22,"CDMX","CDMX",0,211,211
"174",1,2017-06-23,"CDMX","CDMX",0,203,203
"175",1,2017-06-24,"CDMX","CDMX",0,172,172
"176",1,2017-06-25,"CDMX","CDMX",0,193,193
"177",1,2017-06-26,"CDMX","CDMX",0,190,190
"178",1,2017-06-27,"CDMX","CDMX",0,189,189
"179",1,2017-06-28,"CDMX","CDMX",0,187,187
"180",1,2017-06-29,"CDMX","CDMX",0,183,183
"181",1,2017-06-30,"CDMX","CDMX",0,205,205
"182",1,2017-07-01,"CDMX","CDMX",0,194,194
"183",1,2017-07-02,"CDMX","CDMX",0,186,186
"184",1,2017-07-03,"CDMX","CDMX",0,165,165
"185",1,2017-07-04,"CDMX","CDMX",0,184,184
"186",1,2017-07-05,"CDMX","CDMX",0,200,200
"187",1,2017-07-06,"CDMX","CDMX",0,176,176
"188",1,2017-07-07,"CDMX","CDMX",0,174,174
"189",1,2017-07-08,"CDMX","CDMX",0,210,210
"190",1,2017-07-09,"CDMX","CDMX",0,191,191
"191",1,2017-07-10,"CDMX","CDMX",0,216,216
"192",1,2017-07-11,"CDMX","CDMX",0,187,187
"193",1,2017-07-12,"CDMX","CDMX",0,193,193
"194",1,2017-07-13,"CDMX","CDMX",0,199,199
"195",1,2017-07-14,"CDMX","CDMX",0,187,187
"196",1,2017-07-15,"CDMX","CDMX",0,190,190
"197",1,2017-07-16,"CDMX","CDMX",0,208,208
"198",1,2017-07-17,"CDMX","CDMX",0,188,188
"199",1,2017-07-18,"CDMX","CDMX",0,182,182
"200",1,2017-07-19,"CDMX","CDMX",0,175,175
"201",1,2017-07-20,"CDMX","CDMX",0,197,197
"202",1,2017-07-21,"CDMX","CDMX",0,178,178
"203",1,2017-07-22,"CDMX","CDMX",0,201,201
"204",1,2017-07-23,"CDMX","CDMX",0,198,198
"205",1,2017-07-24,"CDMX","CDMX",0,193,193
"206",1,2017-07-25,"CDMX","CDMX",0,186,186
"207",1,2017-07-26,"CDMX","CDMX",0,199,199
"208",1,2017-07-27,"CDMX","CDMX",0,200,200
"209",1,2017-07-28,"CDMX","CDMX",0,191,191
"210",1,2017-07-29,"CDMX","CDMX",0,201,201
"211",1,2017-07-30,"CDMX","CDMX",0,185,185
"212",1,2017-07-31,"CDMX","CDMX",0,192,192
"213",1,2017-08-01,"CDMX","CDMX",0,225,225
"214",1,2017-08-02,"CDMX","CDMX",0,207,207
"215",1,2017-08-03,"CDMX","CDMX",0,214,214
"216",1,2017-08-04,"CDMX","CDMX",0,183,183
"217",1,2017-08-05,"CDMX","CDMX",0,186,186
"218",1,2017-08-06,"CDMX","CDMX",0,190,190
"219",1,2017-08-07,"CDMX","CDMX",0,178,178
"220",1,2017-08-08,"CDMX","CDMX",0,172,172
"221",1,2017-08-09,"CDMX","CDMX",0,188,188
"222",1,2017-08-10,"CDMX","CDMX",0,192,192
"223",1,2017-08-11,"CDMX","CDMX",0,187,187
"224",1,2017-08-12,"CDMX","CDMX",0,190,190
"225",1,2017-08-13,"CDMX","CDMX",0,184,184
"226",1,2017-08-14,"CDMX","CDMX",0,190,190
"227",1,2017-08-15,"CDMX","CDMX",0,190,190
"228",1,2017-08-16,"CDMX","CDMX",0,187,187
"229",1,2017-08-17,"CDMX","CDMX",0,167,167
"230",1,2017-08-18,"CDMX","CDMX",0,185,185
"231",1,2017-08-19,"CDMX","CDMX",0,196,196
"232",1,2017-08-20,"CDMX","CDMX",0,179,179
"233",1,2017-08-21,"CDMX","CDMX",0,187,187
"234",1,2017-08-22,"CDMX","CDMX",0,189,189
"235",1,2017-08-23,"CDMX","CDMX",0,177,177
"236",1,2017-08-24,"CDMX","CDMX",0,202,202
"237",1,2017-08-25,"CDMX","CDMX",0,176,176
"238",1,2017-08-26,"CDMX","CDMX",0,174,174
"239",1,2017-08-27,"CDMX","CDMX",0,199,199
"240",1,2017-08-28,"CDMX","CDMX",0,188,188
"241",1,2017-08-29,"CDMX","CDMX",0,191,191
"242",1,2017-08-30,"CDMX","CDMX",0,195,195
"243",1,2017-08-31,"CDMX","CDMX",0,169,169
"244",1,2017-09-01,"CDMX","CDMX",0,193,193
"245",1,2017-09-02,"CDMX","CDMX",0,201,201
"246",1,2017-09-03,"CDMX","CDMX",0,192,192
"247",1,2017-09-04,"CDMX","CDMX",0,201,201
"248",1,2017-09-05,"CDMX","CDMX",0,219,219
"249",1,2017-09-06,"CDMX","CDMX",0,190,190
"250",1,2017-09-07,"CDMX","CDMX",0,197,197
"251",1,2017-09-08,"CDMX","CDMX",0,212,212
"252",1,2017-09-09,"CDMX","CDMX",0,203,203
"253",1,2017-09-10,"CDMX","CDMX",0,192,192
"254",1,2017-09-11,"CDMX","CDMX",0,209,209
"255",1,2017-09-12,"CDMX","CDMX",0,170,170
"256",1,2017-09-13,"CDMX","CDMX",0,222,222
"257",1,2017-09-14,"CDMX","CDMX",0,217,217
"258",1,2017-09-15,"CDMX","CDMX",0,227,227
"259",1,2017-09-16,"CDMX","CDMX",0,232,232
"260",1,2017-09-17,"CDMX","CDMX",0,227,227
"261",1,2017-09-18,"CDMX","CDMX",0,197,197
"262",1,2017-09-19,"CDMX","CDMX",0,390,390
"263",1,2017-09-20,"CDMX","CDMX",0,253,253
"264",1,2017-09-21,"CDMX","CDMX",0,213,213
"265",1,2017-09-22,"CDMX","CDMX",0,196,196
"266",1,2017-09-23,"CDMX","CDMX",0,187,187
"267",1,2017-09-24,"CDMX","CDMX",0,182,182
"268",1,2017-09-25,"CDMX","CDMX",0,183,183
"269",1,2017-09-26,"CDMX","CDMX",0,204,204
"270",1,2017-09-27,"CDMX","CDMX",0,204,204
"271",1,2017-09-28,"CDMX","CDMX",0,185,185
"272",1,2017-09-29,"CDMX","CDMX",0,200,200
"273",1,2017-09-30,"CDMX","CDMX",0,178,178
"274",1,2017-10-01,"CDMX","CDMX",0,169,169
"275",1,2017-10-02,"CDMX","CDMX",0,209,209
"276",1,2017-10-03,"CDMX","CDMX",0,189,189
"277",1,2017-10-04,"CDMX","CDMX",0,173,173
"278",1,2017-10-05,"CDMX","CDMX",0,212,212
"279",1,2017-10-06,"CDMX","CDMX",0,214,214
"280",1,2017-10-07,"CDMX","CDMX",0,191,191
"281",1,2017-10-08,"CDMX","CDMX",0,204,204
"282",1,2017-10-09,"CDMX","CDMX",0,210,210
"283",1,2017-10-10,"CDMX","CDMX",0,169,169
"284",1,2017-10-11,"CDMX","CDMX",0,194,194
"285",1,2017-10-12,"CDMX","CDMX",0,173,173
"286",1,2017-10-13,"CDMX","CDMX",0,201,201
"287",1,2017-10-14,"CDMX","CDMX",0,171,171
"288",1,2017-10-15,"CDMX","CDMX",0,191,191
"289",1,2017-10-16,"CDMX","CDMX",0,193,193
"290",1,2017-10-17,"CDMX","CDMX",0,179,179
"291",1,2017-10-18,"CDMX","CDMX",0,202,202
"292",1,2017-10-19,"CDMX","CDMX",0,212,212
"293",1,2017-10-20,"CDMX","CDMX",0,196,196
"294",1,2017-10-21,"CDMX","CDMX",0,201,201
"295",1,2017-10-22,"CDMX","CDMX",0,205,205
"296",1,2017-10-23,"CDMX","CDMX",0,196,196
"297",1,2017-10-24,"CDMX","CDMX",0,177,177
"298",1,2017-10-25,"CDMX","CDMX",0,185,185
"299",1,2017-10-26,"CDMX","CDMX",0,195,195
"300",1,2017-10-27,"CDMX","CDMX",0,209,209
"301",1,2017-10-28,"CDMX","CDMX",0,215,215
"302",1,2017-10-29,"CDMX","CDMX",0,221,221
"303",1,2017-10-30,"CDMX","CDMX",0,195,195
"304",1,2017-10-31,"CDMX","CDMX",0,188,188
"305",1,2017-11-01,"CDMX","CDMX",0,161,161
"306",1,2017-11-02,"CDMX","CDMX",0,213,213
"307",1,2017-11-03,"CDMX","CDMX",0,209,209
"308",1,2017-11-04,"CDMX","CDMX",0,196,196
"309",1,2017-11-05,"CDMX","CDMX",0,205,205
"310",1,2017-11-06,"CDMX","CDMX",0,212,212
"311",1,2017-11-07,"CDMX","CDMX",0,203,203
"312",1,2017-11-08,"CDMX","CDMX",0,194,194
"313",1,2017-11-09,"CDMX","CDMX",0,208,208
"314",1,2017-11-10,"CDMX","CDMX",0,225,225
"315",1,2017-11-11,"CDMX","CDMX",0,183,183
"316",1,2017-11-12,"CDMX","CDMX",0,192,192
"317",1,2017-11-13,"CDMX","CDMX",0,211,211
"318",1,2017-11-14,"CDMX","CDMX",0,179,179
"319",1,2017-11-15,"CDMX","CDMX",0,187,187
"320",1,2017-11-16,"CDMX","CDMX",0,194,194
"321",1,2017-11-17,"CDMX","CDMX",0,221,221
"322",1,2017-11-18,"CDMX","CDMX",0,206,206
"323",1,2017-11-19,"CDMX","CDMX",0,225,225
"324",1,2017-11-20,"CDMX","CDMX",0,178,178
"325",1,2017-11-21,"CDMX","CDMX",0,198,198
"326",1,2017-11-22,"CDMX","CDMX",0,176,176
"327",1,2017-11-23,"CDMX","CDMX",0,203,203
"328",1,2017-11-24,"CDMX","CDMX",0,194,194
"329",1,2017-11-25,"CDMX","CDMX",0,195,195
"330",1,2017-11-26,"CDMX","CDMX",0,222,222
"331",1,2017-11-27,"CDMX","CDMX",0,220,220
"332",1,2017-11-28,"CDMX","CDMX",0,202,202
"333",1,2017-11-29,"CDMX","CDMX",0,236,236
"334",1,2017-11-30,"CDMX","CDMX",0,204,204
"335",1,2017-12-01,"CDMX","CDMX",0,197,197
"336",1,2017-12-02,"CDMX","CDMX",0,208,208
"337",1,2017-12-03,"CDMX","CDMX",0,225,225
"338",1,2017-12-04,"CDMX","CDMX",0,236,236
"339",1,2017-12-05,"CDMX","CDMX",0,226,226
"340",1,2017-12-06,"CDMX","CDMX",0,217,217
"341",1,2017-12-07,"CDMX","CDMX",0,218,218
"342",1,2017-12-08,"CDMX","CDMX",0,222,222
"343",1,2017-12-09,"CDMX","CDMX",0,204,204
"344",1,2017-12-10,"CDMX","CDMX",0,209,209
"345",1,2017-12-11,"CDMX","CDMX",0,238,238
"346",1,2017-12-12,"CDMX","CDMX",0,237,237
"347",1,2017-12-13,"CDMX","CDMX",0,232,232
"348",1,2017-12-14,"CDMX","CDMX",0,245,245
"349",1,2017-12-15,"CDMX","CDMX",0,251,251
"350",1,2017-12-16,"CDMX","CDMX",0,261,261
"351",1,2017-12-17,"CDMX","CDMX",0,259,259
"352",1,2017-12-18,"CDMX","CDMX",0,242,242
"353",1,2017-12-19,"CDMX","CDMX",0,228,228
"354",1,2017-12-20,"CDMX","CDMX",0,223,223
"355",1,2017-12-21,"CDMX","CDMX",0,239,239
"356",1,2017-12-22,"CDMX","CDMX",0,239,239
"357",1,2017-12-23,"CDMX","CDMX",0,232,232
"358",1,2017-12-24,"CDMX","CDMX",0,214,214
"359",1,2017-12-25,"CDMX","CDMX",0,235,235
"360",1,2017-12-26,"CDMX","CDMX",0,217,217
"361",1,2017-12-27,"CDMX","CDMX",0,242,242
"362",1,2017-12-28,"CDMX","CDMX",0,256,256
"363",1,2017-12-29,"CDMX","CDMX",0,227,227
"364",1,2017-12-30,"CDMX","CDMX",0,240,240
"365",1,2017-12-31,"CDMX","CDMX",0,245,245
"366",1,2018-01-01,"CDMX","CDMX",0,231,231
"367",1,2018-01-02,"CDMX","CDMX",0,233,233
"368",1,2018-01-03,"CDMX","CDMX",0,248,248
"369",1,2018-01-04,"CDMX","CDMX",0,242,242
"370",1,2018-01-05,"CDMX","CDMX",0,261,261
"371",1,2018-01-06,"CDMX","CDMX",0,244,244
"372",1,2018-01-07,"CDMX","CDMX",0,268,268
"373",1,2018-01-08,"CDMX","CDMX",0,255,255
"374",1,2018-01-09,"CDMX","CDMX",0,239,239
"375",1,2018-01-10,"CDMX","CDMX",0,235,235
"376",1,2018-01-11,"CDMX","CDMX",0,240,240
"377",1,2018-01-12,"CDMX","CDMX",0,275,275
"378",1,2018-01-13,"CDMX","CDMX",0,262,262
"379",1,2018-01-14,"CDMX","CDMX",0,259,259
"380",1,2018-01-15,"CDMX","CDMX",0,294,294
"381",1,2018-01-16,"CDMX","CDMX",0,238,238
"382",1,2018-01-17,"CDMX","CDMX",0,249,249
"383",1,2018-01-18,"CDMX","CDMX",0,304,304
"384",1,2018-01-19,"CDMX","CDMX",0,267,267
"385",1,2018-01-20,"CDMX","CDMX",0,278,278
"386",1,2018-01-21,"CDMX","CDMX",0,252,252
"387",1,2018-01-22,"CDMX","CDMX",0,276,276
"388",1,2018-01-23,"CDMX","CDMX",0,284,284
"389",1,2018-01-24,"CDMX","CDMX",0,273,273
"390",1,2018-01-25,"CDMX","CDMX",0,235,235
"391",1,2018-01-26,"CDMX","CDMX",0,258,258
"392",1,2018-01-27,"CDMX","CDMX",0,269,269
"393",1,2018-01-28,"CDMX","CDMX",0,240,240
"394",1,2018-01-29,"CDMX","CDMX",0,231,231
"395",1,2018-01-30,"CDMX","CDMX",0,251,251
"396",1,2018-01-31,"CDMX","CDMX",0,241,241
"397",1,2018-02-01,"CDMX","CDMX",0,274,274
"398",1,2018-02-02,"CDMX","CDMX",0,237,237
"399",1,2018-02-03,"CDMX","CDMX",0,255,255
"400",1,2018-02-04,"CDMX","CDMX",0,282,282
"401",1,2018-02-05,"CDMX","CDMX",0,252,252
"402",1,2018-02-06,"CDMX","CDMX",0,282,282
"403",1,2018-02-07,"CDMX","CDMX",0,242,242
"404",1,2018-02-08,"CDMX","CDMX",0,236,236
"405",1,2018-02-09,"CDMX","CDMX",0,236,236
"406",1,2018-02-10,"CDMX","CDMX",0,242,242
"407",1,2018-02-11,"CDMX","CDMX",0,227,227
"408",1,2018-02-12,"CDMX","CDMX",0,231,231
"409",1,2018-02-13,"CDMX","CDMX",0,237,237
"410",1,2018-02-14,"CDMX","CDMX",0,233,233
"411",1,2018-02-15,"CDMX","CDMX",0,231,231
"412",1,2018-02-16,"CDMX","CDMX",0,211,211
"413",1,2018-02-17,"CDMX","CDMX",0,216,216
"414",1,2018-02-18,"CDMX","CDMX",0,234,234
"415",1,2018-02-19,"CDMX","CDMX",0,223,223
"416",1,2018-02-20,"CDMX","CDMX",0,240,240
"417",1,2018-02-21,"CDMX","CDMX",0,216,216
"418",1,2018-02-22,"CDMX","CDMX",0,235,235
"419",1,2018-02-23,"CDMX","CDMX",0,218,218
"420",1,2018-02-24,"CDMX","CDMX",0,263,263
"421",1,2018-02-25,"CDMX","CDMX",0,231,231
"422",1,2018-02-26,"CDMX","CDMX",0,233,233
"423",1,2018-02-27,"CDMX","CDMX",0,235,235
"424",1,2018-02-28,"CDMX","CDMX",0,209,209
"425",1,2018-03-01,"CDMX","CDMX",0,226,226
"426",1,2018-03-02,"CDMX","CDMX",0,190,190
"427",1,2018-03-03,"CDMX","CDMX",0,241,241
"428",1,2018-03-04,"CDMX","CDMX",0,207,207
"429",1,2018-03-05,"CDMX","CDMX",0,211,211
"430",1,2018-03-06,"CDMX","CDMX",0,209,209
"431",1,2018-03-07,"CDMX","CDMX",0,206,206
"432",1,2018-03-08,"CDMX","CDMX",0,206,206
"433",1,2018-03-09,"CDMX","CDMX",0,210,210
"434",1,2018-03-10,"CDMX","CDMX",0,196,196
"435",1,2018-03-11,"CDMX","CDMX",0,208,208
"436",1,2018-03-12,"CDMX","CDMX",0,202,202
"437",1,2018-03-13,"CDMX","CDMX",0,222,222
"438",1,2018-03-14,"CDMX","CDMX",0,215,215
"439",1,2018-03-15,"CDMX","CDMX",0,173,173
"440",1,2018-03-16,"CDMX","CDMX",0,221,221
"441",1,2018-03-17,"CDMX","CDMX",0,211,211
"442",1,2018-03-18,"CDMX","CDMX",0,223,223
"443",1,2018-03-19,"CDMX","CDMX",0,186,186
"444",1,2018-03-20,"CDMX","CDMX",0,215,215
"445",1,2018-03-21,"CDMX","CDMX",0,210,210
"446",1,2018-03-22,"CDMX","CDMX",0,186,186
"447",1,2018-03-23,"CDMX","CDMX",0,186,186
"448",1,2018-03-24,"CDMX","CDMX",0,173,173
"449",1,2018-03-25,"CDMX","CDMX",0,200,200
"450",1,2018-03-26,"CDMX","CDMX",0,200,200
"451",1,2018-03-27,"CDMX","CDMX",0,198,198
"452",1,2018-03-28,"CDMX","CDMX",0,204,204
"453",1,2018-03-29,"CDMX","CDMX",0,209,209
"454",1,2018-03-30,"CDMX","CDMX",0,169,169
"455",1,2018-03-31,"CDMX","CDMX",0,179,179
"456",1,2018-04-01,"CDMX","CDMX",0,160,160
"457",1,2018-04-02,"CDMX","CDMX",0,201,201
"458",1,2018-04-03,"CDMX","CDMX",0,227,227
"459",1,2018-04-04,"CDMX","CDMX",0,222,222
"460",1,2018-04-05,"CDMX","CDMX",0,192,192
"461",1,2018-04-06,"CDMX","CDMX",0,201,201
"462",1,2018-04-07,"CDMX","CDMX",0,216,216
"463",1,2018-04-08,"CDMX","CDMX",0,204,204
"464",1,2018-04-09,"CDMX","CDMX",0,227,227
"465",1,2018-04-10,"CDMX","CDMX",0,195,195
"466",1,2018-04-11,"CDMX","CDMX",0,166,166
"467",1,2018-04-12,"CDMX","CDMX",0,198,198
"468",1,2018-04-13,"CDMX","CDMX",0,205,205
"469",1,2018-04-14,"CDMX","CDMX",0,202,202
"470",1,2018-04-15,"CDMX","CDMX",0,207,207
"471",1,2018-04-16,"CDMX","CDMX",0,169,169
"472",1,2018-04-17,"CDMX","CDMX",0,191,191
"473",1,2018-04-18,"CDMX","CDMX",0,180,180
"474",1,2018-04-19,"CDMX","CDMX",0,194,194
"475",1,2018-04-20,"CDMX","CDMX",0,185,185
"476",1,2018-04-21,"CDMX","CDMX",0,187,187
"477",1,2018-04-22,"CDMX","CDMX",0,240,240
"478",1,2018-04-23,"CDMX","CDMX",0,195,195
"479",1,2018-04-24,"CDMX","CDMX",0,185,185
"480",1,2018-04-25,"CDMX","CDMX",0,186,186
"481",1,2018-04-26,"CDMX","CDMX",0,194,194
"482",1,2018-04-27,"CDMX","CDMX",0,169,169
"483",1,2018-04-28,"CDMX","CDMX",0,198,198
"484",1,2018-04-29,"CDMX","CDMX",0,217,217
"485",1,2018-04-30,"CDMX","CDMX",0,210,210
"486",1,2018-05-01,"CDMX","CDMX",0,204,204
"487",1,2018-05-02,"CDMX","CDMX",0,207,207
"488",1,2018-05-03,"CDMX","CDMX",0,175,175
"489",1,2018-05-04,"CDMX","CDMX",0,215,215
"490",1,2018-05-05,"CDMX","CDMX",0,181,181
"491",1,2018-05-06,"CDMX","CDMX",0,203,203
"492",1,2018-05-07,"CDMX","CDMX",0,200,200
"493",1,2018-05-08,"CDMX","CDMX",0,204,204
"494",1,2018-05-09,"CDMX","CDMX",0,204,204
"495",1,2018-05-10,"CDMX","CDMX",0,216,216
"496",1,2018-05-11,"CDMX","CDMX",0,196,196
"497",1,2018-05-12,"CDMX","CDMX",0,193,193
"498",1,2018-05-13,"CDMX","CDMX",0,197,197
"499",1,2018-05-14,"CDMX","CDMX",0,211,211
"500",1,2018-05-15,"CDMX","CDMX",0,189,189
"501",1,2018-05-16,"CDMX","CDMX",0,226,226
"502",1,2018-05-17,"CDMX","CDMX",0,195,195
"503",1,2018-05-18,"CDMX","CDMX",0,171,171
"504",1,2018-05-19,"CDMX","CDMX",0,202,202
"505",1,2018-05-20,"CDMX","CDMX",0,191,191
"506",1,2018-05-21,"CDMX","CDMX",0,185,185
"507",1,2018-05-22,"CDMX","CDMX",0,189,189
"508",1,2018-05-23,"CDMX","CDMX",0,170,170
"509",1,2018-05-24,"CDMX","CDMX",0,191,191
"510",1,2018-05-25,"CDMX","CDMX",0,176,176
"511",1,2018-05-26,"CDMX","CDMX",0,197,197
"512",1,2018-05-27,"CDMX","CDMX",0,215,215
"513",1,2018-05-28,"CDMX","CDMX",0,198,198
"514",1,2018-05-29,"CDMX","CDMX",0,199,199
"515",1,2018-05-30,"CDMX","CDMX",0,196,196
"516",1,2018-05-31,"CDMX","CDMX",0,195,195
"517",1,2018-06-01,"CDMX","CDMX",0,225,225
"518",1,2018-06-02,"CDMX","CDMX",0,212,212
"519",1,2018-06-03,"CDMX","CDMX",0,179,179
"520",1,2018-06-04,"CDMX","CDMX",0,211,211
"521",1,2018-06-05,"CDMX","CDMX",0,203,203
"522",1,2018-06-06,"CDMX","CDMX",0,211,211
"523",1,2018-06-07,"CDMX","CDMX",0,196,196
"524",1,2018-06-08,"CDMX","CDMX",0,189,189
"525",1,2018-06-09,"CDMX","CDMX",0,200,200
"526",1,2018-06-10,"CDMX","CDMX",0,196,196
"527",1,2018-06-11,"CDMX","CDMX",0,213,213
"528",1,2018-06-12,"CDMX","CDMX",0,172,172
"529",1,2018-06-13,"CDMX","CDMX",0,178,178
"530",1,2018-06-14,"CDMX","CDMX",0,199,199
"531",1,2018-06-15,"CDMX","CDMX",0,170,170
"532",1,2018-06-16,"CDMX","CDMX",0,205,205
"533",1,2018-06-17,"CDMX","CDMX",0,182,182
"534",1,2018-06-18,"CDMX","CDMX",0,184,184
"535",1,2018-06-19,"CDMX","CDMX",0,206,206
"536",1,2018-06-20,"CDMX","CDMX",0,207,207
"537",1,2018-06-21,"CDMX","CDMX",0,206,206
"538",1,2018-06-22,"CDMX","CDMX",0,211,211
"539",1,2018-06-23,"CDMX","CDMX",0,199,199
"540",1,2018-06-24,"CDMX","CDMX",0,180,180
"541",1,2018-06-25,"CDMX","CDMX",0,214,214
"542",1,2018-06-26,"CDMX","CDMX",0,193,193
"543",1,2018-06-27,"CDMX","CDMX",0,198,198
"544",1,2018-06-28,"CDMX","CDMX",0,199,199
"545",1,2018-06-29,"CDMX","CDMX",0,189,189
"546",1,2018-06-30,"CDMX","CDMX",0,195,195
"547",1,2018-07-01,"CDMX","CDMX",0,164,164
"548",1,2018-07-02,"CDMX","CDMX",0,195,195
"549",1,2018-07-03,"CDMX","CDMX",0,182,182
"550",1,2018-07-04,"CDMX","CDMX",0,170,170
"551",1,2018-07-05,"CDMX","CDMX",0,209,209
"552",1,2018-07-06,"CDMX","CDMX",0,186,186
"553",1,2018-07-07,"CDMX","CDMX",0,185,185
"554",1,2018-07-08,"CDMX","CDMX",0,178,178
"555",1,2018-07-09,"CDMX","CDMX",0,193,193
"556",1,2018-07-10,"CDMX","CDMX",0,174,174
"557",1,2018-07-11,"CDMX","CDMX",0,202,202
"558",1,2018-07-12,"CDMX","CDMX",0,212,212
"559",1,2018-07-13,"CDMX","CDMX",0,193,193
"560",1,2018-07-14,"CDMX","CDMX",0,192,192
"561",1,2018-07-15,"CDMX","CDMX",0,205,205
"562",1,2018-07-16,"CDMX","CDMX",0,197,197
"563",1,2018-07-17,"CDMX","CDMX",0,198,198
"564",1,2018-07-18,"CDMX","CDMX",0,188,188
"565",1,2018-07-19,"CDMX","CDMX",0,181,181
"566",1,2018-07-20,"CDMX","CDMX",0,212,212
"567",1,2018-07-21,"CDMX","CDMX",0,200,200
"568",1,2018-07-22,"CDMX","CDMX",0,189,189
"569",1,2018-07-23,"CDMX","CDMX",0,202,202
"570",1,2018-07-24,"CDMX","CDMX",0,184,184
"571",1,2018-07-25,"CDMX","CDMX",0,182,182
"572",1,2018-07-26,"CDMX","CDMX",0,181,181
"573",1,2018-07-27,"CDMX","CDMX",0,201,201
"574",1,2018-07-28,"CDMX","CDMX",0,203,203
"575",1,2018-07-29,"CDMX","CDMX",0,198,198
"576",1,2018-07-30,"CDMX","CDMX",0,201,201
"577",1,2018-07-31,"CDMX","CDMX",0,204,204
"578",1,2018-08-01,"CDMX","CDMX",0,184,184
"579",1,2018-08-02,"CDMX","CDMX",0,201,201
"580",1,2018-08-03,"CDMX","CDMX",0,185,185
"581",1,2018-08-04,"CDMX","CDMX",0,173,173
"582",1,2018-08-05,"CDMX","CDMX",0,182,182
"583",1,2018-08-06,"CDMX","CDMX",0,195,195
"584",1,2018-08-07,"CDMX","CDMX",0,188,188
"585",1,2018-08-08,"CDMX","CDMX",0,214,214
"586",1,2018-08-09,"CDMX","CDMX",0,196,196
"587",1,2018-08-10,"CDMX","CDMX",0,198,198
"588",1,2018-08-11,"CDMX","CDMX",0,181,181
"589",1,2018-08-12,"CDMX","CDMX",0,198,198
"590",1,2018-08-13,"CDMX","CDMX",0,176,176
"591",1,2018-08-14,"CDMX","CDMX",0,174,174
"592",1,2018-08-15,"CDMX","CDMX",0,168,168
"593",1,2018-08-16,"CDMX","CDMX",0,209,209
"594",1,2018-08-17,"CDMX","CDMX",0,226,226
"595",1,2018-08-18,"CDMX","CDMX",0,210,210
"596",1,2018-08-19,"CDMX","CDMX",0,210,210
"597",1,2018-08-20,"CDMX","CDMX",0,189,189
"598",1,2018-08-21,"CDMX","CDMX",0,172,172
"599",1,2018-08-22,"CDMX","CDMX",0,178,178
"600",1,2018-08-23,"CDMX","CDMX",0,187,187
"601",1,2018-08-24,"CDMX","CDMX",0,203,203
"602",1,2018-08-25,"CDMX","CDMX",0,204,204
"603",1,2018-08-26,"CDMX","CDMX",0,186,186
"604",1,2018-08-27,"CDMX","CDMX",0,181,181
"605",1,2018-08-28,"CDMX","CDMX",0,173,173
"606",1,2018-08-29,"CDMX","CDMX",0,211,211
"607",1,2018-08-30,"CDMX","CDMX",0,190,190
"608",1,2018-08-31,"CDMX","CDMX",0,177,177
"609",1,2018-09-01,"CDMX","CDMX",0,202,202
"610",1,2018-09-02,"CDMX","CDMX",0,195,195
"611",1,2018-09-03,"CDMX","CDMX",0,208,208
"612",1,2018-09-04,"CDMX","CDMX",0,207,207
"613",1,2018-09-05,"CDMX","CDMX",0,208,208
"614",1,2018-09-06,"CDMX","CDMX",0,203,203
"615",1,2018-09-07,"CDMX","CDMX",0,190,190
"616",1,2018-09-08,"CDMX","CDMX",0,181,181
"617",1,2018-09-09,"CDMX","CDMX",0,194,194
"618",1,2018-09-10,"CDMX","CDMX",0,209,209
"619",1,2018-09-11,"CDMX","CDMX",0,205,205
"620",1,2018-09-12,"CDMX","CDMX",0,184,184
"621",1,2018-09-13,"CDMX","CDMX",0,197,197
"622",1,2018-09-14,"CDMX","CDMX",0,204,204
"623",1,2018-09-15,"CDMX","CDMX",0,201,201
"624",1,2018-09-16,"CDMX","CDMX",0,229,229
"625",1,2018-09-17,"CDMX","CDMX",0,194,194
"626",1,2018-09-18,"CDMX","CDMX",0,184,184
"627",1,2018-09-19,"CDMX","CDMX",0,202,202
"628",1,2018-09-20,"CDMX","CDMX",0,184,184
"629",1,2018-09-21,"CDMX","CDMX",0,190,190
"630",1,2018-09-22,"CDMX","CDMX",0,215,215
"631",1,2018-09-23,"CDMX","CDMX",0,212,212
"632",1,2018-09-24,"CDMX","CDMX",0,195,195
"633",1,2018-09-25,"CDMX","CDMX",0,204,204
"634",1,2018-09-26,"CDMX","CDMX",0,207,207
"635",1,2018-09-27,"CDMX","CDMX",0,190,190
"636",1,2018-09-28,"CDMX","CDMX",0,191,191
"637",1,2018-09-29,"CDMX","CDMX",0,167,167
"638",1,2018-09-30,"CDMX","CDMX",0,168,168
"639",1,2018-10-01,"CDMX","CDMX",0,183,183
"640",1,2018-10-02,"CDMX","CDMX",0,193,193
"641",1,2018-10-03,"CDMX","CDMX",0,216,216
"642",1,2018-10-04,"CDMX","CDMX",0,194,194
"643",1,2018-10-05,"CDMX","CDMX",0,171,171
"644",1,2018-10-06,"CDMX","CDMX",0,205,205
"645",1,2018-10-07,"CDMX","CDMX",0,219,219
"646",1,2018-10-08,"CDMX","CDMX",0,188,188
"647",1,2018-10-09,"CDMX","CDMX",0,212,212
"648",1,2018-10-10,"CDMX","CDMX",0,187,187
"649",1,2018-10-11,"CDMX","CDMX",0,207,207
"650",1,2018-10-12,"CDMX","CDMX",0,213,213
"651",1,2018-10-13,"CDMX","CDMX",0,199,199
"652",1,2018-10-14,"CDMX","CDMX",0,210,210
"653",1,2018-10-15,"CDMX","CDMX",0,202,202
"654",1,2018-10-16,"CDMX","CDMX",0,196,196
"655",1,2018-10-17,"CDMX","CDMX",0,209,209
"656",1,2018-10-18,"CDMX","CDMX",0,185,185
"657",1,2018-10-19,"CDMX","CDMX",0,183,183
"658",1,2018-10-20,"CDMX","CDMX",0,179,179
"659",1,2018-10-21,"CDMX","CDMX",0,220,220
"660",1,2018-10-22,"CDMX","CDMX",0,204,204
"661",1,2018-10-23,"CDMX","CDMX",0,202,202
"662",1,2018-10-24,"CDMX","CDMX",0,199,199
"663",1,2018-10-25,"CDMX","CDMX",0,199,199
"664",1,2018-10-26,"CDMX","CDMX",0,240,240
"665",1,2018-10-27,"CDMX","CDMX",0,252,252
"666",1,2018-10-28,"CDMX","CDMX",0,197,197
"667",1,2018-10-29,"CDMX","CDMX",0,197,197
"668",1,2018-10-30,"CDMX","CDMX",0,207,207
"669",1,2018-10-31,"CDMX","CDMX",0,208,208
"670",1,2018-11-01,"CDMX","CDMX",0,191,191
"671",1,2018-11-02,"CDMX","CDMX",0,195,195
"672",1,2018-11-03,"CDMX","CDMX",0,209,209
"673",1,2018-11-04,"CDMX","CDMX",0,213,213
"674",1,2018-11-05,"CDMX","CDMX",0,200,200
"675",1,2018-11-06,"CDMX","CDMX",0,189,189
"676",1,2018-11-07,"CDMX","CDMX",0,229,229
"677",1,2018-11-08,"CDMX","CDMX",0,196,196
"678",1,2018-11-09,"CDMX","CDMX",0,226,226
"679",1,2018-11-10,"CDMX","CDMX",0,209,209
"680",1,2018-11-11,"CDMX","CDMX",0,193,193
"681",1,2018-11-12,"CDMX","CDMX",0,237,237
"682",1,2018-11-13,"CDMX","CDMX",0,209,209
"683",1,2018-11-14,"CDMX","CDMX",0,185,185
"684",1,2018-11-15,"CDMX","CDMX",0,224,224
"685",1,2018-11-16,"CDMX","CDMX",0,245,245
"686",1,2018-11-17,"CDMX","CDMX",0,231,231
"687",1,2018-11-18,"CDMX","CDMX",0,239,239
"688",1,2018-11-19,"CDMX","CDMX",0,234,234
"689",1,2018-11-20,"CDMX","CDMX",0,219,219
"690",1,2018-11-21,"CDMX","CDMX",0,225,225
"691",1,2018-11-22,"CDMX","CDMX",0,219,219
"692",1,2018-11-23,"CDMX","CDMX",0,204,204
"693",1,2018-11-24,"CDMX","CDMX",0,223,223
"694",1,2018-11-25,"CDMX","CDMX",0,210,210
"695",1,2018-11-26,"CDMX","CDMX",0,242,242
"696",1,2018-11-27,"CDMX","CDMX",0,223,223
"697",1,2018-11-28,"CDMX","CDMX",0,235,235
"698",1,2018-11-29,"CDMX","CDMX",0,219,219
"699",1,2018-11-30,"CDMX","CDMX",0,231,231
"700",1,2018-12-01,"CDMX","CDMX",0,218,218
"701",1,2018-12-02,"CDMX","CDMX",0,231,231
"702",1,2018-12-03,"CDMX","CDMX",0,216,216
"703",1,2018-12-04,"CDMX","CDMX",0,255,255
"704",1,2018-12-05,"CDMX","CDMX",0,227,227
"705",1,2018-12-06,"CDMX","CDMX",0,223,223
"706",1,2018-12-07,"CDMX","CDMX",0,206,206
"707",1,2018-12-08,"CDMX","CDMX",0,231,231
"708",1,2018-12-09,"CDMX","CDMX",0,216,216
"709",1,2018-12-10,"CDMX","CDMX",0,229,229
"710",1,2018-12-11,"CDMX","CDMX",0,217,217
"711",1,2018-12-12,"CDMX","CDMX",0,198,198
"712",1,2018-12-13,"CDMX","CDMX",0,255,255
"713",1,2018-12-14,"CDMX","CDMX",0,222,222
"714",1,2018-12-15,"CDMX","CDMX",0,217,217
"715",1,2018-12-16,"CDMX","CDMX",0,241,241
"716",1,2018-12-17,"CDMX","CDMX",0,257,257
"717",1,2018-12-18,"CDMX","CDMX",0,262,262
"718",1,2018-12-19,"CDMX","CDMX",0,260,260
"719",1,2018-12-20,"CDMX","CDMX",0,247,247
"720",1,2018-12-21,"CDMX","CDMX",0,247,247
"721",1,2018-12-22,"CDMX","CDMX",0,233,233
"722",1,2018-12-23,"CDMX","CDMX",0,260,260
"723",1,2018-12-24,"CDMX","CDMX",0,278,278
"724",1,2018-12-25,"CDMX","CDMX",0,275,275
"725",1,2018-12-26,"CDMX","CDMX",0,240,240
"726",1,2018-12-27,"CDMX","CDMX",0,280,280
"727",1,2018-12-28,"CDMX","CDMX",0,248,248
"728",1,2018-12-29,"CDMX","CDMX",0,283,283
"729",1,2018-12-30,"CDMX","CDMX",0,258,258
"730",1,2018-12-31,"CDMX","CDMX",0,265,265
"731",1,2019-01-01,"CDMX","CDMX",0,285,285
"732",1,2019-01-02,"CDMX","CDMX",0,285,285
"733",1,2019-01-03,"CDMX","CDMX",0,238,238
"734",1,2019-01-04,"CDMX","CDMX",0,260,260
"735",1,2019-01-05,"CDMX","CDMX",0,281,281
"736",1,2019-01-06,"CDMX","CDMX",0,274,274
"737",1,2019-01-07,"CDMX","CDMX",0,289,289
"738",1,2019-01-08,"CDMX","CDMX",0,259,259
"739",1,2019-01-09,"CDMX","CDMX",0,242,242
"740",1,2019-01-10,"CDMX","CDMX",0,244,244
"741",1,2019-01-11,"CDMX","CDMX",0,272,272
"742",1,2019-01-12,"CDMX","CDMX",0,265,265
"743",1,2019-01-13,"CDMX","CDMX",0,250,250
"744",1,2019-01-14,"CDMX","CDMX",0,264,264
"745",1,2019-01-15,"CDMX","CDMX",0,273,273
"746",1,2019-01-16,"CDMX","CDMX",0,220,220
"747",1,2019-01-17,"CDMX","CDMX",0,236,236
"748",1,2019-01-18,"CDMX","CDMX",0,248,248
"749",1,2019-01-19,"CDMX","CDMX",0,252,252
"750",1,2019-01-20,"CDMX","CDMX",0,269,269
"751",1,2019-01-21,"CDMX","CDMX",0,275,275
"752",1,2019-01-22,"CDMX","CDMX",0,264,264
"753",1,2019-01-23,"CDMX","CDMX",0,245,245
"754",1,2019-01-24,"CDMX","CDMX",0,236,236
"755",1,2019-01-25,"CDMX","CDMX",0,249,249
"756",1,2019-01-26,"CDMX","CDMX",0,241,241
"757",1,2019-01-27,"CDMX","CDMX",0,268,268
"758",1,2019-01-28,"CDMX","CDMX",0,241,241
"759",1,2019-01-29,"CDMX","CDMX",0,244,244
"760",1,2019-01-30,"CDMX","CDMX",0,255,255
"761",1,2019-01-31,"CDMX","CDMX",0,219,219
"762",1,2019-02-01,"CDMX","CDMX",0,239,239
"763",1,2019-02-02,"CDMX","CDMX",0,257,257
"764",1,2019-02-03,"CDMX","CDMX",0,222,222
"765",1,2019-02-04,"CDMX","CDMX",0,247,247
"766",1,2019-02-05,"CDMX","CDMX",0,204,204
"767",1,2019-02-06,"CDMX","CDMX",0,246,246
"768",1,2019-02-07,"CDMX","CDMX",0,284,284
"769",1,2019-02-08,"CDMX","CDMX",0,240,240
"770",1,2019-02-09,"CDMX","CDMX",0,207,207
"771",1,2019-02-10,"CDMX","CDMX",0,219,219
"772",1,2019-02-11,"CDMX","CDMX",0,217,217
"773",1,2019-02-12,"CDMX","CDMX",0,207,207
"774",1,2019-02-13,"CDMX","CDMX",0,214,214
"775",1,2019-02-14,"CDMX","CDMX",0,236,236
"776",1,2019-02-15,"CDMX","CDMX",0,241,241
"777",1,2019-02-16,"CDMX","CDMX",0,223,223
"778",1,2019-02-17,"CDMX","CDMX",0,235,235
"779",1,2019-02-18,"CDMX","CDMX",0,259,259
"780",1,2019-02-19,"CDMX","CDMX",0,212,212
"781",1,2019-02-20,"CDMX","CDMX",0,236,236
"782",1,2019-02-21,"CDMX","CDMX",0,216,216
"783",1,2019-02-22,"CDMX","CDMX",0,200,200
"784",1,2019-02-23,"CDMX","CDMX",0,230,230
"785",1,2019-02-24,"CDMX","CDMX",0,195,195
"786",1,2019-02-25,"CDMX","CDMX",0,228,228
"787",1,2019-02-26,"CDMX","CDMX",0,229,229
"788",1,2019-02-27,"CDMX","CDMX",0,208,208
"789",1,2019-02-28,"CDMX","CDMX",0,204,204
"790",1,2019-03-01,"CDMX","CDMX",0,185,185
"791",1,2019-03-02,"CDMX","CDMX",0,255,255
"792",1,2019-03-03,"CDMX","CDMX",0,236,236
"793",1,2019-03-04,"CDMX","CDMX",0,204,204
"794",1,2019-03-05,"CDMX","CDMX",0,212,212
"795",1,2019-03-06,"CDMX","CDMX",0,206,206
"796",1,2019-03-07,"CDMX","CDMX",0,225,225
"797",1,2019-03-08,"CDMX","CDMX",0,223,223
"798",1,2019-03-09,"CDMX","CDMX",0,214,214
"799",1,2019-03-10,"CDMX","CDMX",0,219,219
"800",1,2019-03-11,"CDMX","CDMX",0,227,227
"801",1,2019-03-12,"CDMX","CDMX",0,217,217
"802",1,2019-03-13,"CDMX","CDMX",0,193,193
"803",1,2019-03-14,"CDMX","CDMX",0,195,195
"804",1,2019-03-15,"CDMX","CDMX",0,220,220
"805",1,2019-03-16,"CDMX","CDMX",0,224,224
"806",1,2019-03-17,"CDMX","CDMX",0,179,179
"807",1,2019-03-18,"CDMX","CDMX",0,203,203
"808",1,2019-03-19,"CDMX","CDMX",0,236,236
"809",1,2019-03-20,"CDMX","CDMX",0,234,234
"810",1,2019-03-21,"CDMX","CDMX",0,211,211
"811",1,2019-03-22,"CDMX","CDMX",0,211,211
"812",1,2019-03-23,"CDMX","CDMX",0,216,216
"813",1,2019-03-24,"CDMX","CDMX",0,211,211
"814",1,2019-03-25,"CDMX","CDMX",0,213,213
"815",1,2019-03-26,"CDMX","CDMX",0,182,182
"816",1,2019-03-27,"CDMX","CDMX",0,220,220
"817",1,2019-03-28,"CDMX","CDMX",0,215,215
"818",1,2019-03-29,"CDMX","CDMX",0,224,224
"819",1,2019-03-30,"CDMX","CDMX",0,219,219
"820",1,2019-03-31,"CDMX","CDMX",0,212,212
"821",1,2019-04-01,"CDMX","CDMX",0,212,212
"822",1,2019-04-02,"CDMX","CDMX",0,222,222
"823",1,2019-04-03,"CDMX","CDMX",0,198,198
"824",1,2019-04-04,"CDMX","CDMX",0,200,200
"825",1,2019-04-05,"CDMX","CDMX",0,215,215
"826",1,2019-04-06,"CDMX","CDMX",0,186,186
"827",1,2019-04-07,"CDMX","CDMX",0,220,220
"828",1,2019-04-08,"CDMX","CDMX",0,201,201
"829",1,2019-04-09,"CDMX","CDMX",0,202,202
"830",1,2019-04-10,"CDMX","CDMX",0,216,216
"831",1,2019-04-11,"CDMX","CDMX",0,207,207
"832",1,2019-04-12,"CDMX","CDMX",0,233,233
"833",1,2019-04-13,"CDMX","CDMX",0,217,217
"834",1,2019-04-14,"CDMX","CDMX",0,201,201
"835",1,2019-04-15,"CDMX","CDMX",0,226,226
"836",1,2019-04-16,"CDMX","CDMX",0,236,236
"837",1,2019-04-17,"CDMX","CDMX",0,216,216
"838",1,2019-04-18,"CDMX","CDMX",0,240,240
"839",1,2019-04-19,"CDMX","CDMX",0,186,186
"840",1,2019-04-20,"CDMX","CDMX",0,175,175
"841",1,2019-04-21,"CDMX","CDMX",0,178,178
"842",1,2019-04-22,"CDMX","CDMX",0,194,194
"843",1,2019-04-23,"CDMX","CDMX",0,217,217
"844",1,2019-04-24,"CDMX","CDMX",0,182,182
"845",1,2019-04-25,"CDMX","CDMX",0,199,199
"846",1,2019-04-26,"CDMX","CDMX",0,197,197
"847",1,2019-04-27,"CDMX","CDMX",0,192,192
"848",1,2019-04-28,"CDMX","CDMX",0,195,195
"849",1,2019-04-29,"CDMX","CDMX",0,211,211
"850",1,2019-04-30,"CDMX","CDMX",0,188,188
"851",1,2019-05-01,"CDMX","CDMX",0,177,177
"852",1,2019-05-02,"CDMX","CDMX",0,191,191
"853",1,2019-05-03,"CDMX","CDMX",0,203,203
"854",1,2019-05-04,"CDMX","CDMX",0,222,222
"855",1,2019-05-05,"CDMX","CDMX",0,186,186
"856",1,2019-05-06,"CDMX","CDMX",0,189,189
"857",1,2019-05-07,"CDMX","CDMX",0,201,201
"858",1,2019-05-08,"CDMX","CDMX",0,214,214
"859",1,2019-05-09,"CDMX","CDMX",0,213,213
"860",1,2019-05-10,"CDMX","CDMX",0,203,203
"861",1,2019-05-11,"CDMX","CDMX",0,227,227
"862",1,2019-05-12,"CDMX","CDMX",0,195,195
"863",1,2019-05-13,"CDMX","CDMX",0,237,237
"864",1,2019-05-14,"CDMX","CDMX",0,192,192
"865",1,2019-05-15,"CDMX","CDMX",0,200,200
"866",1,2019-05-16,"CDMX","CDMX",0,205,205
"867",1,2019-05-17,"CDMX","CDMX",0,201,201
"868",1,2019-05-18,"CDMX","CDMX",0,210,210
"869",1,2019-05-19,"CDMX","CDMX",0,189,189
"870",1,2019-05-20,"CDMX","CDMX",0,240,240
"871",1,2019-05-21,"CDMX","CDMX",0,200,200
"872",1,2019-05-22,"CDMX","CDMX",0,198,198
"873",1,2019-05-23,"CDMX","CDMX",0,203,203
"874",1,2019-05-24,"CDMX","CDMX",0,181,181
"875",1,2019-05-25,"CDMX","CDMX",0,194,194
"876",1,2019-05-26,"CDMX","CDMX",0,228,228
"877",1,2019-05-27,"CDMX","CDMX",0,186,186
"878",1,2019-05-28,"CDMX","CDMX",0,221,221
"879",1,2019-05-29,"CDMX","CDMX",0,214,214
"880",1,2019-05-30,"CDMX","CDMX",0,227,227
"881",1,2019-05-31,"CDMX","CDMX",0,179,179
"882",1,2019-06-01,"CDMX","CDMX",0,181,181
"883",1,2019-06-02,"CDMX","CDMX",0,155,155
"884",1,2019-06-03,"CDMX","CDMX",0,189,189
"885",1,2019-06-04,"CDMX","CDMX",0,172,172
"886",1,2019-06-05,"CDMX","CDMX",0,199,199
"887",1,2019-06-06,"CDMX","CDMX",0,191,191
"888",1,2019-06-07,"CDMX","CDMX",0,204,204
"889",1,2019-06-08,"CDMX","CDMX",0,174,174
"890",1,2019-06-09,"CDMX","CDMX",0,211,211
"891",1,2019-06-10,"CDMX","CDMX",0,175,175
"892",1,2019-06-11,"CDMX","CDMX",0,181,181
"893",1,2019-06-12,"CDMX","CDMX",0,218,218
"894",1,2019-06-13,"CDMX","CDMX",0,202,202
"895",1,2019-06-14,"CDMX","CDMX",0,209,209
"896",1,2019-06-15,"CDMX","CDMX",0,168,168
"897",1,2019-06-16,"CDMX","CDMX",0,199,199
"898",1,2019-06-17,"CDMX","CDMX",0,204,204
"899",1,2019-06-18,"CDMX","CDMX",0,202,202
"900",1,2019-06-19,"CDMX","CDMX",0,199,199
"901",1,2019-06-20,"CDMX","CDMX",0,193,193
"902",1,2019-06-21,"CDMX","CDMX",0,195,195
"903",1,2019-06-22,"CDMX","CDMX",0,207,207
"904",1,2019-06-23,"CDMX","CDMX",0,180,180
"905",1,2019-06-24,"CDMX","CDMX",0,189,189
"906",1,2019-06-25,"CDMX","CDMX",0,194,194
"907",1,2019-06-26,"CDMX","CDMX",0,172,172
"908",1,2019-06-27,"CDMX","CDMX",0,184,184
"909",1,2019-06-28,"CDMX","CDMX",0,198,198
"910",1,2019-06-29,"CDMX","CDMX",0,198,198
"911",1,2019-06-30,"CDMX","CDMX",0,210,210
"912",1,2019-07-01,"CDMX","CDMX",0,211,211
"913",1,2019-07-02,"CDMX","CDMX",0,176,176
"914",1,2019-07-03,"CDMX","CDMX",0,178,178
"915",1,2019-07-04,"CDMX","CDMX",0,211,211
"916",1,2019-07-05,"CDMX","CDMX",0,180,180
"917",1,2019-07-06,"CDMX","CDMX",0,201,201
"918",1,2019-07-07,"CDMX","CDMX",0,175,175
"919",1,2019-07-08,"CDMX","CDMX",0,187,187
"920",1,2019-07-09,"CDMX","CDMX",0,164,164
"921",1,2019-07-10,"CDMX","CDMX",0,218,218
"922",1,2019-07-11,"CDMX","CDMX",0,187,187
"923",1,2019-07-12,"CDMX","CDMX",0,192,192
"924",1,2019-07-13,"CDMX","CDMX",0,169,169
"925",1,2019-07-14,"CDMX","CDMX",0,167,167
"926",1,2019-07-15,"CDMX","CDMX",0,196,196
"927",1,2019-07-16,"CDMX","CDMX",0,209,209
"928",1,2019-07-17,"CDMX","CDMX",0,174,174
"929",1,2019-07-18,"CDMX","CDMX",0,188,188
"930",1,2019-07-19,"CDMX","CDMX",0,167,167
"931",1,2019-07-20,"CDMX","CDMX",0,198,198
"932",1,2019-07-21,"CDMX","CDMX",0,171,171
"933",1,2019-07-22,"CDMX","CDMX",0,218,218
"934",1,2019-07-23,"CDMX","CDMX",0,186,186
"935",1,2019-07-24,"CDMX","CDMX",0,189,189
"936",1,2019-07-25,"CDMX","CDMX",0,172,172
"937",1,2019-07-26,"CDMX","CDMX",0,196,196
"938",1,2019-07-27,"CDMX","CDMX",0,191,191
"939",1,2019-07-28,"CDMX","CDMX",0,195,195
"940",1,2019-07-29,"CDMX","CDMX",0,194,194
"941",1,2019-07-30,"CDMX","CDMX",0,187,187
"942",1,2019-07-31,"CDMX","CDMX",0,206,206
"943",1,2019-08-01,"CDMX","CDMX",0,201,201
"944",1,2019-08-02,"CDMX","CDMX",0,205,205
"945",1,2019-08-03,"CDMX","CDMX",0,183,183
"946",1,2019-08-04,"CDMX","CDMX",0,220,220
"947",1,2019-08-05,"CDMX","CDMX",0,199,199
"948",1,2019-08-06,"CDMX","CDMX",0,197,197
"949",1,2019-08-07,"CDMX","CDMX",0,196,196
"950",1,2019-08-08,"CDMX","CDMX",0,183,183
"951",1,2019-08-09,"CDMX","CDMX",0,203,203
"952",1,2019-08-10,"CDMX","CDMX",0,224,224
"953",1,2019-08-11,"CDMX","CDMX",0,207,207
"954",1,2019-08-12,"CDMX","CDMX",0,206,206
"955",1,2019-08-13,"CDMX","CDMX",0,193,193
"956",1,2019-08-14,"CDMX","CDMX",0,206,206
"957",1,2019-08-15,"CDMX","CDMX",0,211,211
"958",1,2019-08-16,"CDMX","CDMX",0,225,225
"959",1,2019-08-17,"CDMX","CDMX",0,202,202
"960",1,2019-08-18,"CDMX","CDMX",0,160,160
"961",1,2019-08-19,"CDMX","CDMX",0,167,167
"962",1,2019-08-20,"CDMX","CDMX",0,172,172
"963",1,2019-08-21,"CDMX","CDMX",0,174,174
"964",1,2019-08-22,"CDMX","CDMX",0,180,180
"965",1,2019-08-23,"CDMX","CDMX",0,204,204
"966",1,2019-08-24,"CDMX","CDMX",0,195,195
"967",1,2019-08-25,"CDMX","CDMX",0,204,204
"968",1,2019-08-26,"CDMX","CDMX",0,191,191
"969",1,2019-08-27,"CDMX","CDMX",0,189,189
"970",1,2019-08-28,"CDMX","CDMX",0,203,203
"971",1,2019-08-29,"CDMX","CDMX",0,189,189
"972",1,2019-08-30,"CDMX","CDMX",0,183,183
"973",1,2019-08-31,"CDMX","CDMX",0,185,185
"974",1,2019-09-01,"CDMX","CDMX",0,210,210
"975",1,2019-09-02,"CDMX","CDMX",0,186,186
"976",1,2019-09-03,"CDMX","CDMX",0,171,171
"977",1,2019-09-04,"CDMX","CDMX",0,189,189
"978",1,2019-09-05,"CDMX","CDMX",0,184,184
"979",1,2019-09-06,"CDMX","CDMX",0,185,185
"980",1,2019-09-07,"CDMX","CDMX",0,184,184
"981",1,2019-09-08,"CDMX","CDMX",0,178,178
"982",1,2019-09-09,"CDMX","CDMX",0,195,195
"983",1,2019-09-10,"CDMX","CDMX",0,199,199
"984",1,2019-09-11,"CDMX","CDMX",0,199,199
"985",1,2019-09-12,"CDMX","CDMX",0,201,201
"986",1,2019-09-13,"CDMX","CDMX",0,183,183
"987",1,2019-09-14,"CDMX","CDMX",0,198,198
"988",1,2019-09-15,"CDMX","CDMX",0,196,196
"989",1,2019-09-16,"CDMX","CDMX",0,208,208
"990",1,2019-09-17,"CDMX","CDMX",0,214,214
"991",1,2019-09-18,"CDMX","CDMX",0,222,222
"992",1,2019-09-19,"CDMX","CDMX",0,191,191
"993",1,2019-09-20,"CDMX","CDMX",0,205,205
"994",1,2019-09-21,"CDMX","CDMX",0,198,198
"995",1,2019-09-22,"CDMX","CDMX",0,185,185
"996",1,2019-09-23,"CDMX","CDMX",0,208,208
"997",1,2019-09-24,"CDMX","CDMX",0,207,207
"998",1,2019-09-25,"CDMX","CDMX",0,231,231
"999",1,2019-09-26,"CDMX","CDMX",0,203,203
"1000",1,2019-09-27,"CDMX","CDMX",0,210,210
"1001",1,2019-09-28,"CDMX","CDMX",0,200,200
"1002",1,2019-09-29,"CDMX","CDMX",0,203,203
"1003",1,2019-09-30,"CDMX","CDMX",0,188,188
"1004",1,2019-10-01,"CDMX","CDMX",0,190,190
"1005",1,2019-10-02,"CDMX","CDMX",0,199,199
"1006",1,2019-10-03,"CDMX","CDMX",0,192,192
"1007",1,2019-10-04,"CDMX","CDMX",0,199,199
"1008",1,2019-10-05,"CDMX","CDMX",0,199,199
"1009",1,2019-10-06,"CDMX","CDMX",0,200,200
"1010",1,2019-10-07,"CDMX","CDMX",0,216,216
"1011",1,2019-10-08,"CDMX","CDMX",0,168,168
"1012",1,2019-10-09,"CDMX","CDMX",0,195,195
"1013",1,2019-10-10,"CDMX","CDMX",0,204,204
"1014",1,2019-10-11,"CDMX","CDMX",0,212,212
"1015",1,2019-10-12,"CDMX","CDMX",0,186,186
"1016",1,2019-10-13,"CDMX","CDMX",0,189,189
"1017",1,2019-10-14,"CDMX","CDMX",0,214,214
"1018",1,2019-10-15,"CDMX","CDMX",0,192,192
"1019",1,2019-10-16,"CDMX","CDMX",0,189,189
"1020",1,2019-10-17,"CDMX","CDMX",0,200,200
"1021",1,2019-10-18,"CDMX","CDMX",0,199,199
"1022",1,2019-10-19,"CDMX","CDMX",0,223,223
"1023",1,2019-10-20,"CDMX","CDMX",0,224,224
"1024",1,2019-10-21,"CDMX","CDMX",0,192,192
"1025",1,2019-10-22,"CDMX","CDMX",0,207,207
"1026",1,2019-10-23,"CDMX","CDMX",0,199,199
"1027",1,2019-10-24,"CDMX","CDMX",0,214,214
"1028",1,2019-10-25,"CDMX","CDMX",0,193,193
"1029",1,2019-10-26,"CDMX","CDMX",0,188,188
"1030",1,2019-10-27,"CDMX","CDMX",0,192,192
"1031",1,2019-10-28,"CDMX","CDMX",0,200,200
"1032",1,2019-10-29,"CDMX","CDMX",0,201,201
"1033",1,2019-10-30,"CDMX","CDMX",0,210,210
"1034",1,2019-10-31,"CDMX","CDMX",0,200,200
"1035",1,2019-11-01,"CDMX","CDMX",0,208,208
"1036",1,2019-11-02,"CDMX","CDMX",0,191,191
"1037",1,2019-11-03,"CDMX","CDMX",0,203,203
"1038",1,2019-11-04,"CDMX","CDMX",0,203,203
"1039",1,2019-11-05,"CDMX","CDMX",0,201,201
"1040",1,2019-11-06,"CDMX","CDMX",0,195,195
"1041",1,2019-11-07,"CDMX","CDMX",0,195,195
"1042",1,2019-11-08,"CDMX","CDMX",0,243,243
"1043",1,2019-11-09,"CDMX","CDMX",0,222,222
"1044",1,2019-11-10,"CDMX","CDMX",0,219,219
"1045",1,2019-11-11,"CDMX","CDMX",0,219,219
"1046",1,2019-11-12,"CDMX","CDMX",0,220,220
"1047",1,2019-11-13,"CDMX","CDMX",0,188,188
"1048",1,2019-11-14,"CDMX","CDMX",0,213,213
"1049",1,2019-11-15,"CDMX","CDMX",0,231,231
"1050",1,2019-11-16,"CDMX","CDMX",0,209,209
"1051",1,2019-11-17,"CDMX","CDMX",0,233,233
"1052",1,2019-11-18,"CDMX","CDMX",0,219,219
"1053",1,2019-11-19,"CDMX","CDMX",0,203,203
"1054",1,2019-11-20,"CDMX","CDMX",0,223,223
"1055",1,2019-11-21,"CDMX","CDMX",0,194,194
"1056",1,2019-11-22,"CDMX","CDMX",0,212,212
"1057",1,2019-11-23,"CDMX","CDMX",0,218,218
"1058",1,2019-11-24,"CDMX","CDMX",0,198,198
"1059",1,2019-11-25,"CDMX","CDMX",0,231,231
"1060",1,2019-11-26,"CDMX","CDMX",0,212,212
"1061",1,2019-11-27,"CDMX","CDMX",0,203,203
"1062",1,2019-11-28,"CDMX","CDMX",0,219,219
"1063",1,2019-11-29,"CDMX","CDMX",0,193,193
"1064",1,2019-11-30,"CDMX","CDMX",0,216,216
"1065",1,2019-12-01,"CDMX","CDMX",0,222,222
"1066",1,2019-12-02,"CDMX","CDMX",0,220,220
"1067",1,2019-12-03,"CDMX","CDMX",0,225,225
"1068",1,2019-12-04,"CDMX","CDMX",0,205,205
"1069",1,2019-12-05,"CDMX","CDMX",0,193,193
"1070",1,2019-12-06,"CDMX","CDMX",0,191,191
"1071",1,2019-12-07,"CDMX","CDMX",0,218,218
"1072",1,2019-12-08,"CDMX","CDMX",0,260,260
"1073",1,2019-12-09,"CDMX","CDMX",0,214,214
"1074",1,2019-12-10,"CDMX","CDMX",0,229,229
"1075",1,2019-12-11,"CDMX","CDMX",0,215,215
"1076",1,2019-12-12,"CDMX","CDMX",0,215,215
"1077",1,2019-12-13,"CDMX","CDMX",0,230,230
"1078",1,2019-12-14,"CDMX","CDMX",0,213,213
"1079",1,2019-12-15,"CDMX","CDMX",0,247,247
"1080",1,2019-12-16,"CDMX","CDMX",0,243,243
"1081",1,2019-12-17,"CDMX","CDMX",0,241,241
"1082",1,2019-12-18,"CDMX","CDMX",0,233,233
"1083",1,2019-12-19,"CDMX","CDMX",0,246,246
"1084",1,2019-12-20,"CDMX","CDMX",0,231,231
"1085",1,2019-12-21,"CDMX","CDMX",0,245,245
"1086",1,2019-12-22,"CDMX","CDMX",0,253,253
"1087",1,2019-12-23,"CDMX","CDMX",0,271,271
"1088",1,2019-12-24,"CDMX","CDMX",0,283,283
"1089",1,2019-12-25,"CDMX","CDMX",0,246,246
"1090",1,2019-12-26,"CDMX","CDMX",0,266,266
"1091",1,2019-12-27,"CDMX","CDMX",0,254,254
"1092",1,2019-12-28,"CDMX","CDMX",0,300,300
"1093",1,2019-12-29,"CDMX","CDMX",0,262,262
"1094",1,2019-12-30,"CDMX","CDMX",0,269,269
"1095",1,2019-12-31,"CDMX","CDMX",0,276,276
"1096",1,2020-01-01,"CDMX","CDMX",0,263,263
"1097",1,2020-01-02,"CDMX","CDMX",0,286,286
"1098",1,2020-01-03,"CDMX","CDMX",0,243,243
"1099",1,2020-01-04,"CDMX","CDMX",0,256,256
"1100",1,2020-01-05,"CDMX","CDMX",0,247,247
"1101",1,2020-01-06,"CDMX","CDMX",0,282,282
"1102",1,2020-01-07,"CDMX","CDMX",0,258,258
"1103",1,2020-01-08,"CDMX","CDMX",0,266,266
"1104",1,2020-01-09,"CDMX","CDMX",0,281,281
"1105",1,2020-01-10,"CDMX","CDMX",0,259,259
"1106",1,2020-01-11,"CDMX","CDMX",0,262,262
"1107",1,2020-01-12,"CDMX","CDMX",0,284,284
"1108",1,2020-01-13,"CDMX","CDMX",0,266,266
"1109",1,2020-01-14,"CDMX","CDMX",0,270,270
"1110",1,2020-01-15,"CDMX","CDMX",0,237,237
"1111",1,2020-01-16,"CDMX","CDMX",0,282,282
"1112",1,2020-01-17,"CDMX","CDMX",0,230,230
"1113",1,2020-01-18,"CDMX","CDMX",0,251,251
"1114",1,2020-01-19,"CDMX","CDMX",0,232,232
"1115",1,2020-01-20,"CDMX","CDMX",0,253,253
"1116",1,2020-01-21,"CDMX","CDMX",0,234,234
"1117",1,2020-01-22,"CDMX","CDMX",0,254,254
"1118",1,2020-01-23,"CDMX","CDMX",0,247,247
"1119",1,2020-01-24,"CDMX","CDMX",0,243,243
"1120",1,2020-01-25,"CDMX","CDMX",0,276,276
"1121",1,2020-01-26,"CDMX","CDMX",0,268,268
"1122",1,2020-01-27,"CDMX","CDMX",0,250,250
"1123",1,2020-01-28,"CDMX","CDMX",0,227,227
"1124",1,2020-01-29,"CDMX","CDMX",0,228,228
"1125",1,2020-01-30,"CDMX","CDMX",0,223,223
"1126",1,2020-01-31,"CDMX","CDMX",0,231,231
"1127",1,2020-02-01,"CDMX","CDMX",0,253,253
"1128",1,2020-02-02,"CDMX","CDMX",0,226,226
"1129",1,2020-02-03,"CDMX","CDMX",0,234,234
"1130",1,2020-02-04,"CDMX","CDMX",0,214,214
"1131",1,2020-02-05,"CDMX","CDMX",0,218,218
"1132",1,2020-02-06,"CDMX","CDMX",0,229,229
"1133",1,2020-02-07,"CDMX","CDMX",0,231,231
"1134",1,2020-02-08,"CDMX","CDMX",0,231,231
"1135",1,2020-02-09,"CDMX","CDMX",0,225,225
"1136",1,2020-02-10,"CDMX","CDMX",0,223,223
"1137",1,2020-02-11,"CDMX","CDMX",0,244,244
"1138",1,2020-02-12,"CDMX","CDMX",0,230,230
"1139",1,2020-02-13,"CDMX","CDMX",0,229,229
"1140",1,2020-02-14,"CDMX","CDMX",0,199,199
"1141",1,2020-02-15,"CDMX","CDMX",0,247,247
"1142",1,2020-02-16,"CDMX","CDMX",0,196,196
"1143",1,2020-02-17,"CDMX","CDMX",0,220,220
"1144",1,2020-02-18,"CDMX","CDMX",0,223,223
"1145",1,2020-02-19,"CDMX","CDMX",0,220,220
"1146",1,2020-02-20,"CDMX","CDMX",0,216,216
"1147",1,2020-02-21,"CDMX","CDMX",0,207,207
"1148",1,2020-02-22,"CDMX","CDMX",0,220,220
"1149",1,2020-02-23,"CDMX","CDMX",0,204,204
"1150",1,2020-02-24,"CDMX","CDMX",0,222,222
"1151",1,2020-02-25,"CDMX","CDMX",0,213,213
"1152",1,2020-02-26,"CDMX","CDMX",0,184,184
"1153",1,2020-02-27,"CDMX","CDMX",0,193,193
"1154",1,2020-02-28,"CDMX","CDMX",0,191,191
"1155",1,2020-02-29,"CDMX","CDMX",0,248,248
"1156",1,2020-03-01,"CDMX","CDMX",0,202,202
"1157",1,2020-03-02,"CDMX","CDMX",0,224,224
"1158",1,2020-03-03,"CDMX","CDMX",0,221,221
"1159",1,2020-03-04,"CDMX","CDMX",0,210,210
"1160",1,2020-03-05,"CDMX","CDMX",0,197,197
"1161",1,2020-03-06,"CDMX","CDMX",0,182,182
"1162",1,2020-03-07,"CDMX","CDMX",0,177,177
"1163",1,2020-03-08,"CDMX","CDMX",0,216,216
"1164",1,2020-03-09,"CDMX","CDMX",0,214,214
"1165",1,2020-03-10,"CDMX","CDMX",0,198,198
"1166",1,2020-03-11,"CDMX","CDMX",0,227,227
"1167",1,2020-03-12,"CDMX","CDMX",0,227,227
"1168",1,2020-03-13,"CDMX","CDMX",0,218,218
"1169",1,2020-03-14,"CDMX","CDMX",0,228,228
"1170",1,2020-03-15,"CDMX","CDMX",0,202,202
"1171",1,2020-03-16,"CDMX","CDMX",0,191,191
"1172",1,2020-03-17,"CDMX","CDMX",0,206,206
"1173",1,2020-03-18,"CDMX","CDMX",2,210,210
"1174",1,2020-03-19,"CDMX","CDMX",2,191,191
"1175",1,2020-03-20,"CDMX","CDMX",0,226,226
"1176",1,2020-03-21,"CDMX","CDMX",0,196,196
"1177",1,2020-03-22,"CDMX","CDMX",0,203,203
"1178",1,2020-03-23,"CDMX","CDMX",1,204,204
"1179",1,2020-03-24,"CDMX","CDMX",0,208,208
"1180",1,2020-03-25,"CDMX","CDMX",0,227,227
"1181",1,2020-03-26,"CDMX","CDMX",1,212,212
"1182",1,2020-03-27,"CDMX","CDMX",2,225,225
"1183",1,2020-03-28,"CDMX","CDMX",1,191,191
"1184",1,2020-03-29,"CDMX","CDMX",1,209,209
"1185",1,2020-03-30,"CDMX","CDMX",3,235,235
"1186",1,2020-03-31,"CDMX","CDMX",2,218,218
"1187",1,2020-04-01,"CDMX","CDMX",3,237,237
"1188",1,2020-04-02,"CDMX","CDMX",2,209,209
"1189",1,2020-04-03,"CDMX","CDMX",1,213,213
"1190",1,2020-04-04,"CDMX","CDMX",7,192,192
"1191",1,2020-04-05,"CDMX","CDMX",9,206,206
"1192",1,2020-04-06,"CDMX","CDMX",9,177,177
"1193",1,2020-04-07,"CDMX","CDMX",9,244,244
"1194",1,2020-04-08,"CDMX","CDMX",9,227,227
"1195",1,2020-04-09,"CDMX","CDMX",21,233,233
"1196",1,2020-04-10,"CDMX","CDMX",34,239,239
"1197",1,2020-04-11,"CDMX","CDMX",26,246,246
"1198",1,2020-04-12,"CDMX","CDMX",20,236,236
"1199",1,2020-04-13,"CDMX","CDMX",31,261,261
"1200",1,2020-04-14,"CDMX","CDMX",36,265,265
"1201",1,2020-04-15,"CDMX","CDMX",38,252,252
"1202",1,2020-04-16,"CDMX","CDMX",40,258,258
"1203",1,2020-04-17,"CDMX","CDMX",35,251,251
"1204",1,2020-04-18,"CDMX","CDMX",44,253,253
"1205",1,2020-04-19,"CDMX","CDMX",68,312,312
"1206",1,2020-04-20,"CDMX","CDMX",61,305,305
"1207",1,2020-04-21,"CDMX","CDMX",88,352,352
"1208",1,2020-04-22,"CDMX","CDMX",78,320,320
"1209",1,2020-04-23,"CDMX","CDMX",97,332,332
"1210",1,2020-04-24,"CDMX","CDMX",126,378,378
"1211",1,2020-04-25,"CDMX","CDMX",129,410,410
"1212",1,2020-04-26,"CDMX","CDMX",154,436,436
"1213",1,2020-04-27,"CDMX","CDMX",152,446,446
"1214",1,2020-04-28,"CDMX","CDMX",168,500,500
"1215",1,2020-04-29,"CDMX","CDMX",191,539,539
"1216",1,2020-04-30,"CDMX","CDMX",194,498,498
"1217",1,2020-05-01,"CDMX","CDMX",193,549,549
"1218",1,2020-05-02,"CDMX","CDMX",194,553,553
"1219",1,2020-05-03,"CDMX","CDMX",211,580,580
"1220",1,2020-05-04,"CDMX","CDMX",225,585,585
"1221",1,2020-05-05,"CDMX","CDMX",237,614,614
"1222",1,2020-05-06,"CDMX","CDMX",229,554,554
"1223",1,2020-05-07,"CDMX","CDMX",239,583,583
"1224",1,2020-05-08,"CDMX","CDMX",212,560,560
"1225",1,2020-05-09,"CDMX","CDMX",247,622,622
"1226",1,2020-05-10,"CDMX","CDMX",204,555,555
"1227",1,2020-05-11,"CDMX","CDMX",227,581,581
"1228",1,2020-05-12,"CDMX","CDMX",242,579,579
"1229",1,2020-05-13,"CDMX","CDMX",259,621,621
"1230",1,2020-05-14,"CDMX","CDMX",238,580,580
"1231",1,2020-05-15,"CDMX","CDMX",273,583,583
"1232",1,2020-05-16,"CDMX","CDMX",249,633,633
"1233",1,2020-05-17,"CDMX","CDMX",282,655,655
"1234",1,2020-05-18,"CDMX","CDMX",314,671,671
"1235",1,2020-05-19,"CDMX","CDMX",253,583,583
"1236",1,2020-05-20,"CDMX","CDMX",236,595,595
"1237",1,2020-05-21,"CDMX","CDMX",304,671,671
"1238",1,2020-05-22,"CDMX","CDMX",268,580,580
"1239",1,2020-05-23,"CDMX","CDMX",208,532,532
"1240",1,2020-05-24,"CDMX","CDMX",245,583,583
"1241",1,2020-05-25,"CDMX","CDMX",255,583,583
"1242",1,2020-05-26,"CDMX","CDMX",228,555,555
"1243",1,2020-05-27,"CDMX","CDMX",227,544,544
"1244",1,2020-05-28,"CDMX","CDMX",231,561,561
"1245",1,2020-05-29,"CDMX","CDMX",215,507,507
"1246",1,2020-05-30,"CDMX","CDMX",205,487,487
"1247",1,2020-05-31,"CDMX","CDMX",245,566,566
"1248",1,2020-06-01,"CDMX","CDMX",220,562,562
"1249",1,2020-06-02,"CDMX","CDMX",196,511,511
"1250",1,2020-06-03,"CDMX","CDMX",220,539,539
"1251",1,2020-06-04,"CDMX","CDMX",205,550,550
"1252",1,2020-06-05,"CDMX","CDMX",200,489,489
"1253",1,2020-06-06,"CDMX","CDMX",217,534,534
"1254",1,2020-06-07,"CDMX","CDMX",219,511,511
"1255",1,2020-06-08,"CDMX","CDMX",222,535,535
"1256",1,2020-06-09,"CDMX","CDMX",203,514,514
"1257",1,2020-06-10,"CDMX","CDMX",190,515,515
"1258",1,2020-06-11,"CDMX","CDMX",193,497,497
"1259",1,2020-06-12,"CDMX","CDMX",190,446,446
"1260",1,2020-06-13,"CDMX","CDMX",217,469,469
"1261",1,2020-06-14,"CDMX","CDMX",191,455,455
"1262",1,2020-06-15,"CDMX","CDMX",173,443,443
"1263",1,2020-06-16,"CDMX","CDMX",213,481,481
"1264",1,2020-06-17,"CDMX","CDMX",183,515,515
"1265",1,2020-06-18,"CDMX","CDMX",160,459,459
"1266",1,2020-06-19,"CDMX","CDMX",180,451,451
"1267",1,2020-06-20,"CDMX","CDMX",131,386,386
"1268",1,2020-06-21,"CDMX","CDMX",160,414,414
"1269",1,2020-06-22,"CDMX","CDMX",154,426,426
"1270",1,2020-06-23,"CDMX","CDMX",141,345,345
"1271",1,2020-06-24,"CDMX","CDMX",116,385,385
"1272",1,2020-06-25,"CDMX","CDMX",135,355,355
"1273",1,2020-06-26,"CDMX","CDMX",129,369,369
"1274",1,2020-06-27,"CDMX","CDMX",141,386,386
"1275",1,2020-06-28,"CDMX","CDMX",129,387,387
"1276",1,2020-06-29,"CDMX","CDMX",121,370,370
"1277",1,2020-06-30,"CDMX","CDMX",136,359,359
"1278",1,2020-07-01,"CDMX","CDMX",138,337,337
"1279",1,2020-07-02,"CDMX","CDMX",133,381,381
"1280",1,2020-07-03,"CDMX","CDMX",115,388,388
"1281",1,2020-07-04,"CDMX","CDMX",113,340,340
"1282",1,2020-07-05,"CDMX","CDMX",110,343,343
"1283",1,2020-07-06,"CDMX","CDMX",139,364,364
"1284",1,2020-07-07,"CDMX","CDMX",115,352,352
"1285",1,2020-07-08,"CDMX","CDMX",110,338,338
"1286",1,2020-07-09,"CDMX","CDMX",115,366,366
"1287",1,2020-07-10,"CDMX","CDMX",101,318,318
"1288",1,2020-07-11,"CDMX","CDMX",118,346,346
"1289",1,2020-07-12,"CDMX","CDMX",113,347,347
"1290",1,2020-07-13,"CDMX","CDMX",104,324,324
"1291",1,2020-07-14,"CDMX","CDMX",120,350,350
"1292",1,2020-07-15,"CDMX","CDMX",104,370,370
"1293",1,2020-07-16,"CDMX","CDMX",109,308,308
"1294",1,2020-07-17,"CDMX","CDMX",111,331,331
"1295",1,2020-07-18,"CDMX","CDMX",102,343,343
"1296",1,2020-07-19,"CDMX","CDMX",93,293,293
"1297",1,2020-07-20,"CDMX","CDMX",99,316,316
"1298",1,2020-07-21,"CDMX","CDMX",104,329,329
"1299",1,2020-07-22,"CDMX","CDMX",99,320,320
"1300",1,2020-07-23,"CDMX","CDMX",99,293,293
"1301",1,2020-07-24,"CDMX","CDMX",91,316,316
"1302",1,2020-07-25,"CDMX","CDMX",96,318,318
"1303",1,2020-07-26,"CDMX","CDMX",122,330,330
"1304",1,2020-07-27,"CDMX","CDMX",95,317,317
"1305",1,2020-07-28,"CDMX","CDMX",79,302,302
"1306",1,2020-07-29,"CDMX","CDMX",72,292,292
"1307",1,2020-07-30,"CDMX","CDMX",91,289,289
"1308",1,2020-07-31,"CDMX","CDMX",74,292,292
"1309",1,2020-08-01,"CDMX","CDMX",81,334,334
"1310",1,2020-08-02,"CDMX","CDMX",105,357,357
"1311",1,2020-08-03,"CDMX","CDMX",91,324,324
"1312",1,2020-08-04,"CDMX","CDMX",92,309,309
"1313",1,2020-08-05,"CDMX","CDMX",102,334,334
"1314",1,2020-08-06,"CDMX","CDMX",108,338,338
"1315",1,2020-08-07,"CDMX","CDMX",88,322,322
"1316",1,2020-08-08,"CDMX","CDMX",105,350,350
"1317",1,2020-08-09,"CDMX","CDMX",78,325,325
"1318",1,2020-08-10,"CDMX","CDMX",88,315,315
"1319",1,2020-08-11,"CDMX","CDMX",74,303,303
"1320",1,2020-08-12,"CDMX","CDMX",88,323,323
"1321",1,2020-08-13,"CDMX","CDMX",84,354,354
"1322",1,2020-08-14,"CDMX","CDMX",76,332,332
"1323",1,2020-08-15,"CDMX","CDMX",105,350,350
"1324",1,2020-08-16,"CDMX","CDMX",71,344,344
"1325",1,2020-08-17,"CDMX","CDMX",79,325,325
"1326",1,2020-08-18,"CDMX","CDMX",77,329,329
"1327",1,2020-08-19,"CDMX","CDMX",68,355,355
"1328",1,2020-08-20,"CDMX","CDMX",88,344,344
"1329",1,2020-08-21,"CDMX","CDMX",79,334,334
"1330",1,2020-08-22,"CDMX","CDMX",78,332,332
"1331",1,2020-08-23,"CDMX","CDMX",90,353,353
"1332",1,2020-08-24,"CDMX","CDMX",93,332,332
"1333",1,2020-08-25,"CDMX","CDMX",95,333,333
"1334",1,2020-08-26,"CDMX","CDMX",75,289,289
"1335",1,2020-08-27,"CDMX","CDMX",72,326,326
"1336",1,2020-08-28,"CDMX","CDMX",91,359,359
"1337",1,2020-08-29,"CDMX","CDMX",92,351,351
"1338",1,2020-08-30,"CDMX","CDMX",68,338,338
"1339",1,2020-08-31,"CDMX","CDMX",95,335,335
